technique,angle,reference_key,status,source_url,source_url_1,source_url_2,source_url_3,source_url_4,segment_start_s,segment_end_s,quality,notes,target_technique_key,record_reference_key,command_ready,command
zenkutsu_dachi,front,zenkutsu_dachi__front,pending,,,,,,,,,needs source url: karate zenkutsu dachi front stance tutorial front view,zenkutsu_dachi,zenkutsu_dachi__front,no,
zenkutsu_dachi,left45,zenkutsu_dachi__left45,pending,,,,,,,,,needs source url: karate zenkutsu dachi front stance tutorial left 45 degree view,zenkutsu_dachi,zenkutsu_dachi__left45,no,
zenkutsu_dachi,right45,zenkutsu_dachi__right45,pending,,,,,,,,,needs source url: karate zenkutsu dachi front stance tutorial right 45 degree view,zenkutsu_dachi,zenkutsu_dachi__right45,no,
zenkutsu_dachi,side,zenkutsu_dachi__side,pending,,,,,,,,,needs source url: karate zenkutsu dachi front stance tutorial side view,zenkutsu_dachi,zenkutsu_dachi__side,no,
zenkutsu_dachi,side_left,zenkutsu_dachi__side_left,pending,,,,,,,,,needs source url: karate zenkutsu dachi front stance tutorial side left view,zenkutsu_dachi,zenkutsu_dachi__side_left,no,
zenkutsu_dachi,side_right,zenkutsu_dachi__side_right,pending,,,,,,,,,needs source url: karate zenkutsu dachi front stance tutorial side right view,zenkutsu_dachi,zenkutsu_dachi__side_right,no,
zenkutsu_dachi,behind,zenkutsu_dachi__behind,pending,,,,,,,,,needs source url: karate zenkutsu dachi front stance tutorial back view,zenkutsu_dachi,zenkutsu_dachi__behind,no,
kokutsu_dachi,front,kokutsu_dachi__front,pending,,,,,,,,,needs source url: karate kokutsu dachi back stance tutorial front view,kokutsu_dachi,kokutsu_dachi__front,no,
kokutsu_dachi,left45,kokutsu_dachi__left45,pending,,,,,,,,,needs source url: karate kokutsu dachi back stance tutorial left 45 degree view,kokutsu_dachi,kokutsu_dachi__left45,no,
kokutsu_dachi,right45,kokutsu_dachi__right45,pending,,,,,,,,,needs source url: karate kokutsu dachi back stance tutorial right 45 degree view,kokutsu_dachi,kokutsu_dachi__right45,no,
kokutsu_dachi,side,kokutsu_dachi__side,pending,,,,,,,,,needs source url: karate kokutsu dachi back stance tutorial side view,kokutsu_dachi,kokutsu_dachi__side,no,
kokutsu_dachi,side_left,kokutsu_dachi__side_left,pending,,,,,,,,,needs source url: karate kokutsu dachi back stance tutorial side left view,kokutsu_dachi,kokutsu_dachi__side_left,no,
kokutsu_dachi,side_right,kokutsu_dachi__side_right,pending,,,,,,,,,needs source url: karate kokutsu dachi back stance tutorial side right view,kokutsu_dachi,kokutsu_dachi__side_right,no,
kokutsu_dachi,behind,kokutsu_dachi__behind,pending,,,,,,,,,needs source url: karate kokutsu dachi back stance tutorial back view,kokutsu_dachi,kokutsu_dachi__behind,no,
kiba_dachi,front,kiba_dachi__front,pending,,,,,,,,,needs source url: karate kiba dachi horse stance tutorial front view,kiba_dachi,kiba_dachi__front,no,
kiba_dachi,left45,kiba_dachi__left45,pending,,,,,,,,,needs source url: karate kiba dachi horse stance tutorial left 45 degree view,kiba_dachi,kiba_dachi__left45,no,
kiba_dachi,right45,kiba_dachi__right45,pending,,,,,,,,,needs source url: karate kiba dachi horse stance tutorial right 45 degree view,kiba_dachi,kiba_dachi__right45,no,
kiba_dachi,side,kiba_dachi__side,pending,,,,,,,,,needs source url: karate kiba dachi horse stance tutorial side view,kiba_dachi,kiba_dachi__side,no,
kiba_dachi,side_left,kiba_dachi__side_left,pending,,,,,,,,,needs source url: karate kiba dachi horse stance tutorial side left view,kiba_dachi,kiba_dachi__side_left,no,
kiba_dachi,side_right,kiba_dachi__side_right,pending,,,,,,,,,needs source url: karate kiba dachi horse stance tutorial side right view,kiba_dachi,kiba_dachi__side_right,no,
kiba_dachi,behind,kiba_dachi__behind,pending,,,,,,,,,needs source url: karate kiba dachi horse stance tutorial back view,kiba_dachi,kiba_dachi__behind,no,
neko_ashi_dachi,front,neko_ashi_dachi__front,pending,,,,,,,,,needs source url: karate neko ashi dachi cat stance tutorial front view,neko_ashi_dachi,neko_ashi_dachi__front,no,
neko_ashi_dachi,left45,neko_ashi_dachi__left45,pending,,,,,,,,,needs source url: karate neko ashi dachi cat stance tutorial left 45 degree view,neko_ashi_dachi,neko_ashi_dachi__left45,no,
neko_ashi_dachi,right45,neko_ashi_dachi__right45,pending,,,,,,,,,needs source url: karate neko ashi dachi cat stance tutorial right 45 degree view,neko_ashi_dachi,neko_ashi_dachi__right45,no,
neko_ashi_dachi,side,neko_ashi_dachi__side,pending,,,,,,,,,needs source url: karate neko ashi dachi cat stance tutorial side view,neko_ashi_dachi,neko_ashi_dachi__side,no,
neko_ashi_dachi,side_left,neko_ashi_dachi__side_left,pending,,,,,,,,,needs source url: karate neko ashi dachi cat stance tutorial side left view,neko_ashi_dachi,neko_ashi_dachi__side_left,no,
neko_ashi_dachi,side_right,neko_ashi_dachi__side_right,pending,,,,,,,,,needs source url: karate neko ashi dachi cat stance tutorial side right view,neko_ashi_dachi,neko_ashi_dachi__side_right,no,
neko_ashi_dachi,behind,neko_ashi_dachi__behind,pending,,,,,,,,,needs source url: karate neko ashi dachi cat stance tutorial back view,neko_ashi_dachi,neko_ashi_dachi__behind,no,
heiko_dachi,front,heiko_dachi__front,pending,,,,,,,,,needs source url: karate heiko dachi parallel stance tutorial front view,heiko_dachi,heiko_dachi__front,no,
heiko_dachi,left45,heiko_dachi__left45,pending,,,,,,,,,needs source url: karate heiko dachi parallel stance tutorial left 45 degree view,heiko_dachi,heiko_dachi__left45,no,
heiko_dachi,right45,heiko_dachi__right45,pending,,,,,,,,,needs source url: karate heiko dachi parallel stance tutorial right 45 degree view,heiko_dachi,heiko_dachi__right45,no,
heiko_dachi,side,heiko_dachi__side,pending,,,,,,,,,needs source url: karate heiko dachi parallel stance tutorial side view,heiko_dachi,heiko_dachi__side,no,
heiko_dachi,side_left,heiko_dachi__side_left,pending,,,,,,,,,needs source url: karate heiko dachi parallel stance tutorial side left view,heiko_dachi,heiko_dachi__side_left,no,
heiko_dachi,side_right,heiko_dachi__side_right,pending,,,,,,,,,needs source url: karate heiko dachi parallel stance tutorial side right view,heiko_dachi,heiko_dachi__side_right,no,
heiko_dachi,behind,heiko_dachi__behind,pending,,,,,,,,,needs source url: karate heiko dachi parallel stance tutorial back view,heiko_dachi,heiko_dachi__behind,no,
moto_dachi,front,moto_dachi__front,pending,,,,,,,,,needs source url: karate moto dachi kumite fighting stance tutorial front view,moto_dachi,moto_dachi__front,no,
moto_dachi,left45,moto_dachi__left45,pending,,,,,,,,,needs source url: karate moto dachi kumite fighting stance tutorial left 45 degree view,moto_dachi,moto_dachi__left45,no,
moto_dachi,right45,moto_dachi__right45,pending,,,,,,,,,needs source url: karate moto dachi kumite fighting stance tutorial right 45 degree view,moto_dachi,moto_dachi__right45,no,
moto_dachi,side,moto_dachi__side,pending,,,,,,,,,needs source url: karate moto dachi kumite fighting stance tutorial side view,moto_dachi,moto_dachi__side,no,
moto_dachi,side_left,moto_dachi__side_left,pending,,,,,,,,,needs source url: karate moto dachi kumite fighting stance tutorial side left view,moto_dachi,moto_dachi__side_left,no,
moto_dachi,side_right,moto_dachi__side_right,pending,,,,,,,,,needs source url: karate moto dachi kumite fighting stance tutorial side right view,moto_dachi,moto_dachi__side_right,no,
moto_dachi,behind,moto_dachi__behind,pending,,,,,,,,,needs source url: karate moto dachi kumite fighting stance tutorial back view,moto_dachi,moto_dachi__behind,no,
choku_zuki,front,choku_zuki__front,pending,,,,,,,,,needs source url: karate choku zuki straight punch tutorial front view,choku_zuki,choku_zuki__front,no,
choku_zuki,left45,choku_zuki__left45,pending,,,,,,,,,needs source url: karate choku zuki straight punch tutorial left 45 degree view,choku_zuki,choku_zuki__left45,no,
choku_zuki,right45,choku_zuki__right45,pending,,,,,,,,,needs source url: karate choku zuki straight punch tutorial right 45 degree view,choku_zuki,choku_zuki__right45,no,
choku_zuki,side,choku_zuki__side,pending,,,,,,,,,needs source url: karate choku zuki straight punch tutorial side view,choku_zuki,choku_zuki__side,no,
choku_zuki,side_left,choku_zuki__side_left,pending,,,,,,,,,needs source url: karate choku zuki straight punch tutorial side left view,choku_zuki,choku_zuki__side_left,no,
choku_zuki,side_right,choku_zuki__side_right,pending,,,,,,,,,needs source url: karate choku zuki straight punch tutorial side right view,choku_zuki,choku_zuki__side_right,no,
choku_zuki,behind,choku_zuki__behind,pending,,,,,,,,,needs source url: karate choku zuki straight punch tutorial back view,choku_zuki,choku_zuki__behind,no,
oi_zuki,front,oi_zuki__front,pending,,,,,,,,,needs source url: karate oi zuki lunge punch tutorial front view,oi_zuki,oi_zuki__front,no,
oi_zuki,left45,oi_zuki__left45,pending,,,,,,,,,needs source url: karate oi zuki lunge punch tutorial left 45 degree view,oi_zuki,oi_zuki__left45,no,
oi_zuki,right45,oi_zuki__right45,pending,,,,,,,,,needs source url: karate oi zuki lunge punch tutorial right 45 degree view,oi_zuki,oi_zuki__right45,no,
oi_zuki,side,oi_zuki__side,pending,,,,,,,,,needs source url: karate oi zuki lunge punch tutorial side view,oi_zuki,oi_zuki__side,no,
oi_zuki,side_left,oi_zuki__side_left,pending,,,,,,,,,needs source url: karate oi zuki lunge punch tutorial side left view,oi_zuki,oi_zuki__side_left,no,
oi_zuki,side_right,oi_zuki__side_right,pending,,,,,,,,,needs source url: karate oi zuki lunge punch tutorial side right view,oi_zuki,oi_zuki__side_right,no,
oi_zuki,behind,oi_zuki__behind,pending,,,,,,,,,needs source url: karate oi zuki lunge punch tutorial back view,oi_zuki,oi_zuki__behind,no,
gyaku_zuki,front,gyaku_zuki__front,pending,,,,,,,,,needs source url: karate gyaku zuki reverse punch tutorial front view,gyaku_zuki,gyaku_zuki__front,no,
gyaku_zuki,left45,gyaku_zuki__left45,pending,,,,,,,,,needs source url: karate gyaku zuki reverse punch tutorial left 45 degree view,gyaku_zuki,gyaku_zuki__left45,no,
gyaku_zuki,right45,gyaku_zuki__right45,pending,,,,,,,,,needs source url: karate gyaku zuki reverse punch tutorial right 45 degree view,gyaku_zuki,gyaku_zuki__right45,no,
gyaku_zuki,side,gyaku_zuki__side,pending,,,,,,,,,needs source url: karate gyaku zuki reverse punch tutorial side view,gyaku_zuki,gyaku_zuki__side,no,
gyaku_zuki,side_left,gyaku_zuki__side_left,pending,,,,,,,,,needs source url: karate gyaku zuki reverse punch tutorial side left view,gyaku_zuki,gyaku_zuki__side_left,no,
gyaku_zuki,side_right,gyaku_zuki__side_right,pending,,,,,,,,,needs source url: karate gyaku zuki reverse punch tutorial side right view,gyaku_zuki,gyaku_zuki__side_right,no,
gyaku_zuki,behind,gyaku_zuki__behind,pending,,,,,,,,,needs source url: karate gyaku zuki reverse punch tutorial back view,gyaku_zuki,gyaku_zuki__behind,no,
kizami_zuki,front,kizami_zuki__front,pending,,,,,,,,,needs source url: karate kizami zuki jab punch tutorial front view,kizami_zuki,kizami_zuki__front,no,
kizami_zuki,left45,kizami_zuki__left45,pending,,,,,,,,,needs source url: karate kizami zuki jab punch tutorial left 45 degree view,kizami_zuki,kizami_zuki__left45,no,
kizami_zuki,right45,kizami_zuki__right45,pending,,,,,,,,,needs source url: karate kizami zuki jab punch tutorial right 45 degree view,kizami_zuki,kizami_zuki__right45,no,
kizami_zuki,side,kizami_zuki__side,pending,,,,,,,,,needs source url: karate kizami zuki jab punch tutorial side view,kizami_zuki,kizami_zuki__side,no,
kizami_zuki,side_left,kizami_zuki__side_left,pending,,,,,,,,,needs source url: karate kizami zuki jab punch tutorial side left view,kizami_zuki,kizami_zuki__side_left,no,
kizami_zuki,side_right,kizami_zuki__side_right,pending,,,,,,,,,needs source url: karate kizami zuki jab punch tutorial side right view,kizami_zuki,kizami_zuki__side_right,no,
kizami_zuki,behind,kizami_zuki__behind,pending,,,,,,,,,needs source url: karate kizami zuki jab punch tutorial back view,kizami_zuki,kizami_zuki__behind,no,
kagi_zuki,front,kagi_zuki__front,pending,,,,,,,,,needs source url: karate kagi zuki hook punch tutorial front view,kagi_zuki,kagi_zuki__front,no,
kagi_zuki,left45,kagi_zuki__left45,pending,,,,,,,,,needs source url: karate kagi zuki hook punch tutorial left 45 degree view,kagi_zuki,kagi_zuki__left45,no,
kagi_zuki,right45,kagi_zuki__right45,pending,,,,,,,,,needs source url: karate kagi zuki hook punch tutorial right 45 degree view,kagi_zuki,kagi_zuki__right45,no,
kagi_zuki,side,kagi_zuki__side,pending,,,,,,,,,needs source url: karate kagi zuki hook punch tutorial side view,kagi_zuki,kagi_zuki__side,no,
kagi_zuki,side_left,kagi_zuki__side_left,pending,,,,,,,,,needs source url: karate kagi zuki hook punch tutorial side left view,kagi_zuki,kagi_zuki__side_left,no,
kagi_zuki,side_right,kagi_zuki__side_right,pending,,,,,,,,,needs source url: karate kagi zuki hook punch tutorial side right view,kagi_zuki,kagi_zuki__side_right,no,
kagi_zuki,behind,kagi_zuki__behind,pending,,,,,,,,,needs source url: karate kagi zuki hook punch tutorial back view,kagi_zuki,kagi_zuki__behind,no,
uraken_uchi,front,uraken_uchi__front,pending,,,,,,,,,needs source url: karate uraken uchi back fist strike tutorial front view,uraken_uchi,uraken_uchi__front,no,
uraken_uchi,left45,uraken_uchi__left45,pending,,,,,,,,,needs source url: karate uraken uchi back fist strike tutorial left 45 degree view,uraken_uchi,uraken_uchi__left45,no,
uraken_uchi,right45,uraken_uchi__right45,pending,,,,,,,,,needs source url: karate uraken uchi back fist strike tutorial right 45 degree view,uraken_uchi,uraken_uchi__right45,no,
uraken_uchi,side,uraken_uchi__side,pending,,,,,,,,,needs source url: karate uraken uchi back fist strike tutorial side view,uraken_uchi,uraken_uchi__side,no,
uraken_uchi,side_left,uraken_uchi__side_left,pending,,,,,,,,,needs source url: karate uraken uchi back fist strike tutorial side left view,uraken_uchi,uraken_uchi__side_left,no,
uraken_uchi,side_right,uraken_uchi__side_right,pending,,,,,,,,,needs source url: karate uraken uchi back fist strike tutorial side right view,uraken_uchi,uraken_uchi__side_right,no,
uraken_uchi,behind,uraken_uchi__behind,pending,,,,,,,,,needs source url: karate uraken uchi back fist strike tutorial back view,uraken_uchi,uraken_uchi__behind,no,
tettsui_uchi,front,tettsui_uchi__front,pending,,,,,,,,,needs source url: karate tettsui uchi hammer fist strike tutorial front view,tettsui_uchi,tettsui_uchi__front,no,
tettsui_uchi,left45,tettsui_uchi__left45,pending,,,,,,,,,needs source url: karate tettsui uchi hammer fist strike tutorial left 45 degree view,tettsui_uchi,tettsui_uchi__left45,no,
tettsui_uchi,right45,tettsui_uchi__right45,pending,,,,,,,,,needs source url: karate tettsui uchi hammer fist strike tutorial right 45 degree view,tettsui_uchi,tettsui_uchi__right45,no,
tettsui_uchi,side,tettsui_uchi__side,pending,,,,,,,,,needs source url: karate tettsui uchi hammer fist strike tutorial side view,tettsui_uchi,tettsui_uchi__side,no,
tettsui_uchi,side_left,tettsui_uchi__side_left,pending,,,,,,,,,needs source url: karate tettsui uchi hammer fist strike tutorial side left view,tettsui_uchi,tettsui_uchi__side_left,no,
tettsui_uchi,side_right,tettsui_uchi__side_right,pending,,,,,,,,,needs source url: karate tettsui uchi hammer fist strike tutorial side right view,tettsui_uchi,tettsui_uchi__side_right,no,
tettsui_uchi,behind,tettsui_uchi__behind,pending,,,,,,,,,needs source url: karate tettsui uchi hammer fist strike tutorial back view,tettsui_uchi,tettsui_uchi__behind,no,
shuto_uchi,front,shuto_uchi__front,pending,,,,,,,,,needs source url: karate shuto uchi knife hand strike tutorial front view,shuto_uchi,shuto_uchi__front,no,
shuto_uchi,left45,shuto_uchi__left45,pending,,,,,,,,,needs source url: karate shuto uchi knife hand strike tutorial left 45 degree view,shuto_uchi,shuto_uchi__left45,no,
shuto_uchi,right45,shuto_uchi__right45,pending,,,,,,,,,needs source url: karate shuto uchi knife hand strike tutorial right 45 degree view,shuto_uchi,shuto_uchi__right45,no,
shuto_uchi,side,shuto_uchi__side,pending,,,,,,,,,needs source url: karate shuto uchi knife hand strike tutorial side view,shuto_uchi,shuto_uchi__side,no,
shuto_uchi,side_left,shuto_uchi__side_left,pending,,,,,,,,,needs source url: karate shuto uchi knife hand strike tutorial side left view,shuto_uchi,shuto_uchi__side_left,no,
shuto_uchi,side_right,shuto_uchi__side_right,pending,,,,,,,,,needs source url: karate shuto uchi knife hand strike tutorial side right view,shuto_uchi,shuto_uchi__side_right,no,
shuto_uchi,behind,shuto_uchi__behind,pending,,,,,,,,,needs source url: karate shuto uchi knife hand strike tutorial back view,shuto_uchi,shuto_uchi__behind,no,
empi_uchi,front,empi_uchi__front,pending,,,,,,,,,needs source url: karate empi uchi elbow strike tutorial front view,empi_uchi,empi_uchi__front,no,
empi_uchi,left45,empi_uchi__left45,pending,,,,,,,,,needs source url: karate empi uchi elbow strike tutorial left 45 degree view,empi_uchi,empi_uchi__left45,no,
empi_uchi,right45,empi_uchi__right45,pending,,,,,,,,,needs source url: karate empi uchi elbow strike tutorial right 45 degree view,empi_uchi,empi_uchi__right45,no,
empi_uchi,side,empi_uchi__side,pending,,,,,,,,,needs source url: karate empi uchi elbow strike tutorial side view,empi_uchi,empi_uchi__side,no,
empi_uchi,side_left,empi_uchi__side_left,pending,,,,,,,,,needs source url: karate empi uchi elbow strike tutorial side left view,empi_uchi,empi_uchi__side_left,no,
empi_uchi,side_right,empi_uchi__side_right,pending,,,,,,,,,needs source url: karate empi uchi elbow strike tutorial side right view,empi_uchi,empi_uchi__side_right,no,
empi_uchi,behind,empi_uchi__behind,pending,,,,,,,,,needs source url: karate empi uchi elbow strike tutorial back view,empi_uchi,empi_uchi__behind,no,
age_uke,front,age_uke__front,pending,,,,,,,,,needs source url: karate age uke rising block tutorial front view,age_uke,age_uke__front,no,
age_uke,left45,age_uke__left45,pending,,,,,,,,,needs source url: karate age uke rising block tutorial left 45 degree view,age_uke,age_uke__left45,no,
age_uke,right45,age_uke__right45,pending,,,,,,,,,needs source url: karate age uke rising block tutorial right 45 degree view,age_uke,age_uke__right45,no,
age_uke,side,age_uke__side,pending,,,,,,,,,needs source url: karate age uke rising block tutorial side view,age_uke,age_uke__side,no,
age_uke,side_left,age_uke__side_left,pending,,,,,,,,,needs source url: karate age uke rising block tutorial side left view,age_uke,age_uke__side_left,no,
age_uke,side_right,age_uke__side_right,pending,,,,,,,,,needs source url: karate age uke rising block tutorial side right view,age_uke,age_uke__side_right,no,
age_uke,behind,age_uke__behind,pending,,,,,,,,,needs source url: karate age uke rising block tutorial back view,age_uke,age_uke__behind,no,
soto_uke,front,soto_uke__front,pending,,,,,,,,,needs source url: karate soto uke outside block tutorial front view,soto_uke,soto_uke__front,no,
soto_uke,left45,soto_uke__left45,pending,,,,,,,,,needs source url: karate soto uke outside block tutorial left 45 degree view,soto_uke,soto_uke__left45,no,
soto_uke,right45,soto_uke__right45,pending,,,,,,,,,needs source url: karate soto uke outside block tutorial right 45 degree view,soto_uke,soto_uke__right45,no,
soto_uke,side,soto_uke__side,pending,,,,,,,,,needs source url: karate soto uke outside block tutorial side view,soto_uke,soto_uke__side,no,
soto_uke,side_left,soto_uke__side_left,pending,,,,,,,,,needs source url: karate soto uke outside block tutorial side left view,soto_uke,soto_uke__side_left,no,
soto_uke,side_right,soto_uke__side_right,pending,,,,,,,,,needs source url: karate soto uke outside block tutorial side right view,soto_uke,soto_uke__side_right,no,
soto_uke,behind,soto_uke__behind,pending,,,,,,,,,needs source url: karate soto uke outside block tutorial back view,soto_uke,soto_uke__behind,no,
uchi_uke,front,uchi_uke__front,pending,,,,,,,,,needs source url: karate uchi uke inside block tutorial front view,uchi_uke,uchi_uke__front,no,
uchi_uke,left45,uchi_uke__left45,pending,,,,,,,,,needs source url: karate uchi uke inside block tutorial left 45 degree view,uchi_uke,uchi_uke__left45,no,
uchi_uke,right45,uchi_uke__right45,pending,,,,,,,,,needs source url: karate uchi uke inside block tutorial right 45 degree view,uchi_uke,uchi_uke__right45,no,
uchi_uke,side,uchi_uke__side,pending,,,,,,,,,needs source url: karate uchi uke inside block tutorial side view,uchi_uke,uchi_uke__side,no,
uchi_uke,side_left,uchi_uke__side_left,pending,,,,,,,,,needs source url: karate uchi uke inside block tutorial side left view,uchi_uke,uchi_uke__side_left,no,
uchi_uke,side_right,uchi_uke__side_right,pending,,,,,,,,,needs source url: karate uchi uke inside block tutorial side right view,uchi_uke,uchi_uke__side_right,no,
uchi_uke,behind,uchi_uke__behind,pending,,,,,,,,,needs source url: karate uchi uke inside block tutorial back view,uchi_uke,uchi_uke__behind,no,
gedan_barai,front,gedan_barai__front,pending,,,,,,,,,needs source url: karate gedan barai down block tutorial front view,gedan_barai,gedan_barai__front,no,
gedan_barai,left45,gedan_barai__left45,pending,,,,,,,,,needs source url: karate gedan barai down block tutorial left 45 degree view,gedan_barai,gedan_barai__left45,no,
gedan_barai,right45,gedan_barai__right45,pending,,,,,,,,,needs source url: karate gedan barai down block tutorial right 45 degree view,gedan_barai,gedan_barai__right45,no,
gedan_barai,side,gedan_barai__side,pending,,,,,,,,,needs source url: karate gedan barai down block tutorial side view,gedan_barai,gedan_barai__side,no,
gedan_barai,side_left,gedan_barai__side_left,pending,,,,,,,,,needs source url: karate gedan barai down block tutorial side left view,gedan_barai,gedan_barai__side_left,no,
gedan_barai,side_right,gedan_barai__side_right,pending,,,,,,,,,needs source url: karate gedan barai down block tutorial side right view,gedan_barai,gedan_barai__side_right,no,
gedan_barai,behind,gedan_barai__behind,pending,,,,,,,,,needs source url: karate gedan barai down block tutorial back view,gedan_barai,gedan_barai__behind,no,
shuto_uke,front,shuto_uke__front,pending,,,,,,,,,needs source url: karate shuto uke knife hand block tutorial front view,shuto_uke,shuto_uke__front,no,
shuto_uke,left45,shuto_uke__left45,pending,,,,,,,,,needs source url: karate shuto uke knife hand block tutorial left 45 degree view,shuto_uke,shuto_uke__left45,no,
shuto_uke,right45,shuto_uke__right45,pending,,,,,,,,,needs source url: karate shuto uke knife hand block tutorial right 45 degree view,shuto_uke,shuto_uke__right45,no,
shuto_uke,side,shuto_uke__side,pending,,,,,,,,,needs source url: karate shuto uke knife hand block tutorial side view,shuto_uke,shuto_uke__side,no,
shuto_uke,side_left,shuto_uke__side_left,pending,,,,,,,,,needs source url: karate shuto uke knife hand block tutorial side left view,shuto_uke,shuto_uke__side_left,no,
shuto_uke,side_right,shuto_uke__side_right,pending,,,,,,,,,needs source url: karate shuto uke knife hand block tutorial side right view,shuto_uke,shuto_uke__side_right,no,
shuto_uke,behind,shuto_uke__behind,pending,,,,,,,,,needs source url: karate shuto uke knife hand block tutorial back view,shuto_uke,shuto_uke__behind,no,
mae_geri,front,mae_geri__front,pending,,,,,,,,,needs source url: karate mae geri front kick tutorial front view,mae_geri,mae_geri__front,no,
mae_geri,left45,mae_geri__left45,pending,,,,,,,,,needs source url: karate mae geri front kick tutorial left 45 degree view,mae_geri,mae_geri__left45,no,
mae_geri,right45,mae_geri__right45,pending,,,,,,,,,needs source url: karate mae geri front kick tutorial right 45 degree view,mae_geri,mae_geri__right45,no,
mae_geri,side,mae_geri__side,pending,,,,,,,,,needs source url: karate mae geri front kick tutorial side view,mae_geri,mae_geri__side,no,
mae_geri,side_left,mae_geri__side_left,pending,,,,,,,,,needs source url: karate mae geri front kick tutorial side left view,mae_geri,mae_geri__side_left,no,
mae_geri,side_right,mae_geri__side_right,pending,,,,,,,,,needs source url: karate mae geri front kick tutorial side right view,mae_geri,mae_geri__side_right,no,
mae_geri,behind,mae_geri__behind,pending,,,,,,,,,needs source url: karate mae geri front kick tutorial back view,mae_geri,mae_geri__behind,no,
mawashi_geri,front,mawashi_geri__front,pending,,,,,,,,,needs source url: karate mawashi geri roundhouse kick tutorial front view,mawashi_geri,mawashi_geri__front,no,
mawashi_geri,left45,mawashi_geri__left45,pending,,,,,,,,,needs source url: karate mawashi geri roundhouse kick tutorial left 45 degree view,mawashi_geri,mawashi_geri__left45,no,
mawashi_geri,right45,mawashi_geri__right45,pending,,,,,,,,,needs source url: karate mawashi geri roundhouse kick tutorial right 45 degree view,mawashi_geri,mawashi_geri__right45,no,
mawashi_geri,side,mawashi_geri__side,pending,,,,,,,,,needs source url: karate mawashi geri roundhouse kick tutorial side view,mawashi_geri,mawashi_geri__side,no,
mawashi_geri,side_left,mawashi_geri__side_left,pending,,,,,,,,,needs source url: karate mawashi geri roundhouse kick tutorial side left view,mawashi_geri,mawashi_geri__side_left,no,
mawashi_geri,side_right,mawashi_geri__side_right,pending,,,,,,,,,needs source url: karate mawashi geri roundhouse kick tutorial side right view,mawashi_geri,mawashi_geri__side_right,no,
mawashi_geri,behind,mawashi_geri__behind,pending,,,,,,,,,needs source url: karate mawashi geri roundhouse kick tutorial back view,mawashi_geri,mawashi_geri__behind,no,
yoko_geri_keage,front,yoko_geri_keage__front,pending,,,,,,,,,needs source url: karate yoko geri keage side snap kick tutorial front view,yoko_geri_keage,yoko_geri_keage__front,no,
yoko_geri_keage,left45,yoko_geri_keage__left45,pending,,,,,,,,,needs source url: karate yoko geri keage side snap kick tutorial left 45 degree view,yoko_geri_keage,yoko_geri_keage__left45,no,
yoko_geri_keage,right45,yoko_geri_keage__right45,pending,,,,,,,,,needs source url: karate yoko geri keage side snap kick tutorial right 45 degree view,yoko_geri_keage,yoko_geri_keage__right45,no,
yoko_geri_keage,side,yoko_geri_keage__side,pending,,,,,,,,,needs source url: karate yoko geri keage side snap kick tutorial side view,yoko_geri_keage,yoko_geri_keage__side,no,
yoko_geri_keage,side_left,yoko_geri_keage__side_left,pending,,,,,,,,,needs source url: karate yoko geri keage side snap kick tutorial side left view,yoko_geri_keage,yoko_geri_keage__side_left,no,
yoko_geri_keage,side_right,yoko_geri_keage__side_right,pending,,,,,,,,,needs source url: karate yoko geri keage side snap kick tutorial side right view,yoko_geri_keage,yoko_geri_keage__side_right,no,
yoko_geri_keage,behind,yoko_geri_keage__behind,pending,,,,,,,,,needs source url: karate yoko geri keage side snap kick tutorial back view,yoko_geri_keage,yoko_geri_keage__behind,no,
yoko_geri_kekomi,front,yoko_geri_kekomi__front,pending,,,,,,,,,needs source url: karate yoko geri kekomi side thrust kick tutorial front view,yoko_geri_kekomi,yoko_geri_kekomi__front,no,
yoko_geri_kekomi,left45,yoko_geri_kekomi__left45,pending,,,,,,,,,needs source url: karate yoko geri kekomi side thrust kick tutorial left 45 degree view,yoko_geri_kekomi,yoko_geri_kekomi__left45,no,
yoko_geri_kekomi,right45,yoko_geri_kekomi__right45,pending,,,,,,,,,needs source url: karate yoko geri kekomi side thrust kick tutorial right 45 degree view,yoko_geri_kekomi,yoko_geri_kekomi__right45,no,
yoko_geri_kekomi,side,yoko_geri_kekomi__side,pending,,,,,,,,,needs source url: karate yoko geri kekomi side thrust kick tutorial side view,yoko_geri_kekomi,yoko_geri_kekomi__side,no,
yoko_geri_kekomi,side_left,yoko_geri_kekomi__side_left,pending,,,,,,,,,needs source url: karate yoko geri kekomi side thrust kick tutorial side left view,yoko_geri_kekomi,yoko_geri_kekomi__side_left,no,
yoko_geri_kekomi,side_right,yoko_geri_kekomi__side_right,pending,,,,,,,,,needs source url: karate yoko geri kekomi side thrust kick tutorial side right view,yoko_geri_kekomi,yoko_geri_kekomi__side_right,no,
yoko_geri_kekomi,behind,yoko_geri_kekomi__behind,pending,,,,,,,,,needs source url: karate yoko geri kekomi side thrust kick tutorial back view,yoko_geri_kekomi,yoko_geri_kekomi__behind,no,
ushiro_geri,front,ushiro_geri__front,pending,,,,,,,,,needs source url: karate ushiro geri back kick tutorial front view,ushiro_geri,ushiro_geri__front,no,
ushiro_geri,left45,ushiro_geri__left45,pending,,,,,,,,,needs source url: karate ushiro geri back kick tutorial left 45 degree view,ushiro_geri,ushiro_geri__left45,no,
ushiro_geri,right45,ushiro_geri__right45,pending,,,,,,,,,needs source url: karate ushiro geri back kick tutorial right 45 degree view,ushiro_geri,ushiro_geri__right45,no,
ushiro_geri,side,ushiro_geri__side,pending,,,,,,,,,needs source url: karate ushiro geri back kick tutorial side view,ushiro_geri,ushiro_geri__side,no,
ushiro_geri,side_left,ushiro_geri__side_left,pending,,,,,,,,,needs source url: karate ushiro geri back kick tutorial side left view,ushiro_geri,ushiro_geri__side_left,no,
ushiro_geri,side_right,ushiro_geri__side_right,pending,,,,,,,,,needs source url: karate ushiro geri back kick tutorial side right view,ushiro_geri,ushiro_geri__side_right,no,
ushiro_geri,behind,ushiro_geri__behind,pending,,,,,,,,,needs source url: karate ushiro geri back kick tutorial back view,ushiro_geri,ushiro_geri__behind,no,
ura_mawashi_geri,front,ura_mawashi_geri__front,pending,,,,,,,,,needs source url: karate ura mawashi geri hook kick tutorial front view,ura_mawashi_geri,ura_mawashi_geri__front,no,
ura_mawashi_geri,left45,ura_mawashi_geri__left45,pending,,,,,,,,,needs source url: karate ura mawashi geri hook kick tutorial left 45 degree view,ura_mawashi_geri,ura_mawashi_geri__left45,no,
ura_mawashi_geri,right45,ura_mawashi_geri__right45,pending,,,,,,,,,needs source url: karate ura mawashi geri hook kick tutorial right 45 degree view,ura_mawashi_geri,ura_mawashi_geri__right45,no,
ura_mawashi_geri,side,ura_mawashi_geri__side,pending,,,,,,,,,needs source url: karate ura mawashi geri hook kick tutorial side view,ura_mawashi_geri,ura_mawashi_geri__side,no,
ura_mawashi_geri,side_left,ura_mawashi_geri__side_left,pending,,,,,,,,,needs source url: karate ura mawashi geri hook kick tutorial side left view,ura_mawashi_geri,ura_mawashi_geri__side_left,no,
ura_mawashi_geri,side_right,ura_mawashi_geri__side_right,pending,,,,,,,,,needs source url: karate ura mawashi geri hook kick tutorial side right view,ura_mawashi_geri,ura_mawashi_geri__side_right,no,
ura_mawashi_geri,behind,ura_mawashi_geri__behind,pending,,,,,,,,,needs source url: karate ura mawashi geri hook kick tutorial back view,ura_mawashi_geri,ura_mawashi_geri__behind,no,
hiza_geri,front,hiza_geri__front,pending,,,,,,,,,needs source url: karate hiza geri knee strike tutorial front view,hiza_geri,hiza_geri__front,no,
hiza_geri,left45,hiza_geri__left45,pending,,,,,,,,,needs source url: karate hiza geri knee strike tutorial left 45 degree view,hiza_geri,hiza_geri__left45,no,
hiza_geri,right45,hiza_geri__right45,pending,,,,,,,,,needs source url: karate hiza geri knee strike tutorial right 45 degree view,hiza_geri,hiza_geri__right45,no,
hiza_geri,side,hiza_geri__side,pending,,,,,,,,,needs source url: karate hiza geri knee strike tutorial side view,hiza_geri,hiza_geri__side,no,
hiza_geri,side_left,hiza_geri__side_left,pending,,,,,,,,,needs source url: karate hiza geri knee strike tutorial side left view,hiza_geri,hiza_geri__side_left,no,
hiza_geri,side_right,hiza_geri__side_right,pending,,,,,,,,,needs source url: karate hiza geri knee strike tutorial side right view,hiza_geri,hiza_geri__side_right,no,
hiza_geri,behind,hiza_geri__behind,pending,,,,,,,,,needs source url: karate hiza geri knee strike tutorial back view,hiza_geri,hiza_geri__behind,no,
